{
  "dineros": {
    "901332784679882802": {
      "690476580333551617": {
        "dinero": 684,
        "banco": 0,
        "nombre": "𝑆𝐴𝑅𝐴"
      }
    },
    "966052254970966037": {
      "769712645342232576": {
        "dinero": 903,
        "banco": 0,
        "nombre": "🥶ɢᴀᴍᴇʀ ᴅᴇꜱᴄᴏɴᴏᴄɪᴅᴏ🥵"
      }
    },
    "885235460178342009": {
      "534767171579019266": {
        "dinero": 2588,
        "banco": 0,
        "nombre": "1ly4s0"
      },
      "888369001401569300": {
        "dinero": 1967,
        "banco": 0,
        "nombre": "tokeen"
      },
      "759071855003959356": {
        "dinero": 1095,
        "banco": 0,
        "nombre": "VídeoTop370"
      }
    }
  },
  "tiendas": {},
  "inventarios": {}
}